insert into PAIS values ('EC','ECUADOR');
insert into PAIS values ('US','ESTADOS UNIDOS');
insert into PAIS values ('AR','ARGENTINA');
insert into PAIS values ('RU','RUSIA');
insert into PAIS values ('JP','JAPON');

insert into ESTADOS values ('EC-M','EC','MANABI');
insert into ESTADOS values ('EC-G','EC','GUAYAS');
insert into ESTADOS values ('EC-P','EC','PICHINCHA');
insert into ESTADOS values ('EC-A','EC','AZUAY');
insert into ESTADOS values ('EC-T','EC','TUNGURAHUA');
insert into ESTADOS values ('US-FL','US','FLORIDA');
insert into ESTADOS values ('US-WA','US','WASHINGTON');
insert into ESTADOS values ('RU-MO','RU','MOSKWA');
insert into ESTADOS values ('JP-KT','JP','KANTO');


insert into CIUDAD values ('MEC','EC-M','MANTA');
insert into CIUDAD values ('UIO','EC-P','QUITO');
insert into CIUDAD values ('GYE','EC-G','GUAYAQUIL');
insert into CIUDAD values ('CUE','EC-A','CUENCA');
insert into CIUDAD values ('ATF','EC-T','AMBATO');
insert into CIUDAD values ('JFK','US-WA','NEW JORK');
insert into CIUDAD values ('MIA','US-FL','MIAMI');
insert into CIUDAD values ('MOW','RU-MO','MOSCU');
insert into CIUDAD values ('JP-13','JP-KT','TOKIO');


insert into CENTRO_DE_VENTAS_PT values ('GRUPO MANKAR','TURISMO MANKAR');

insert into ASESOR_DE_VIAJE values ('1','GRUPO MANKAR','MANUEL PINCAY GONZALEZ','1313614495','18/02/2018');
insert into ASESOR_DE_VIAJE values ('2','GRUPO MANKAR','VIVIANA GALLEGOS DELGADO','1311661167','05/04/2018');
insert into ASESOR_DE_VIAJE values ('3','GRUPO MANKAR','JESUS REYES CARRENO','1310091683','15/06/2018');

INSERT INTO USUARIO_WEB VALUES ('1','GRUPO MANKAR','DAVID REYES','ECUADOR','35 DIAS');
INSERT INTO USUARIO_WEB VALUES ('2','GRUPO MANKAR','JOEL PILAI','ECUADOR','15 DIAS');

INSERT INTO CLIENTE_VIAJERO VALUES ('1','1',NULL,'EDISON MANUEL','PINCAY CEPEDA','1308386000','10/12/1976');
INSERT INTO CLIENTE_VIAJERO VALUES ('2','1',null,'KARLA INDIRA','GONZALEZ SOLANO','1308444858','19/11/1977');
INSERT INTO CLIENTE_VIAJERO VALUES ('3','1',null,'CARLOS MANUEL','PINCAY GONZALEZ','1313614489','17/08/1998');
INSERT INTO CLIENTE_VIAJERO VALUES ('4',NULL,'1','JESUS DAVID','REYES CARRENO','1315591683','20/12/2001');
INSERT INTO CLIENTE_VIAJERO VALUES ('5','2',null,'PEDRO DAVID','ZORRILLA DELGADO','1300614489','12/04/1970');


INSERT INTO ESTACIA VALUES ('VILLAMAR','MEC','MALECON S/N','0959427677','NO');
INSERT INTO ESTACIA VALUES ('SAN ROQUE','MEC','CALLE 204 ESQUINA','0959427679','NO');
INSERT INTO ESTACIA VALUES ('ORO VERDE','GYE','AV 4 NOVIEMBRE','0959427678','SI');

INSERT INTO RESTAURANTE VALUES( 'ASADO 108','CALLE 108','19:00');
INSERT INTO RESTAURANTE VALUES( 'CHAVECITO','AV 105 Y CALLE 106','13:00');

INSERT INTO EVENTO_ENTRETENIMIENTO VALUES('BAILE','SALON EVENTOS ROSES','20:00');
INSERT INTO EVENTO_ENTRETENIMIENTO VALUES('CONCIERTO','EXPLANADA CIVICA','19:00');
INSERT INTO EVENTO_ENTRETENIMIENTO VALUES('CARRERA DE GO KARTS','PISTA JOCAY','14:00');


INSERT INTO FORMA_DE_PAGO VALUES('USD/F','EFECTIVO');
INSERT INTO FORMA_DE_PAGO VALUES('USD/C','CREDITO');

INSERT INTO PAQUETES_TURISTICOS VALUES ('1','CHAVECITO','BAILE','SAN ROQUE','GYE','VIAJE GUAYAQUIL RELAX','100');
INSERT INTO PAQUETES_TURISTICOS VALUES ('2','ASADO 108','CARRERA DE GO KARTS','VILLAMAR','MEC','VIAJE MANTA PLAYAS','150');
INSERT INTO PAQUETES_TURISTICOS VALUES ('3','ASADO 108','CONCIERTO','VILLAMAR','MEC','VIAJE MANTA PLAYAS','175');


INSERT INTO SEGURO_DE_VIDA VALUES ('SEGURO FAMILIAR','Asistencia medica Familiar y responsabilidad de gastos totales', '50');



INSERT INTO CONTRATO VALUES ('1','USD/F','1','1',NULL,'1',null,'EL CLIENTE SE COMPROMETE A CUIDAR LAS INSTALACIONES EN QUE PASARA SU ESTADIA','100','15/01/2018','30/03/2018');
INSERT INTO CONTRATO VALUES ('2','USD/C','1','2','SEGURO FAMILIAR','2',null,'EL CLIENTE SE COMPROMETE A CUIDAR LAS INSTALACIONES EN QUE PASARA SU ESTADIA','150','15/06/2018','30/06/2018');
INSERT INTO CONTRATO VALUES ('3','USD/F','2','2',NULL,'2',null,'EL CLIENTE SE COMPROMETE A CUIDAR LAS INSTALACIONES EN QUE PASARA SU ESTADIA','150','15/03/2018','30/01/2019');
INSERT INTO CONTRATO VALUES ('4','USD/F','2','2',NULL,'2',null,'EL CLIENTE SE COMPROMETE A CUIDAR LAS INSTALACIONES EN QUE PASARA SU ESTADIA','100','15/05/2019','30/12/2019');
INSERT INTO CONTRATO VALUES ('5','USD/F','2','2',NULL,'2',null,'EL CLIENTE SE COMPROMETE A CUIDAR LAS INSTALACIONES EN QUE PASARA SU ESTADIA','100','15/04/2019','30/05/2021');
INSERT INTO CONTRATO VALUES ('6','USD/F','3','1',NULL,'2',null,'EL CLIENTE SE COMPROMETE A CUIDAR LAS INSTALACIONES EN QUE PASARA SU ESTADIA','175','15/10/2020','30/06/2021');
INSERT INTO CONTRATO VALUES ('7','USD/F','3','1',NULL,'3',null,'EL CLIENTE SE COMPROMETE A CUIDAR LAS INSTALACIONES EN QUE PASARA SU ESTADIA','175','15/06/2021','30/10/2021');


INSERT INTO ACTO_VANDALICO VALUES ('1','SAN ROQUE',NULL,NULL,'1','ROMPIO LA PARED DE LA HABITACION');
INSERT INTO ACTO_VANDALICO VALUES ('2',NULL,NULL,'BAILE','1','COMETIO ACTOS INMORALES');
INSERT INTO ACTO_VANDALICO VALUES ('3',NULL,'CHAVECITO',NULL,'2','SE EMBORRACHO Y GOLPEO A UN MESERO');
INSERT INTO ACTO_VANDALICO VALUES ('4','VILLAMAR',NULL,NULL,'3','ROMPIO LAS SABANAS');
INSERT INTO ACTO_VANDALICO VALUES ('5','VILLAMAR',NULL,NULL,'4','ROMPIO LA PARED DE LA HABITACION');
INSERT INTO ACTO_VANDALICO VALUES ('6',NULL,NULL,'CARRERA DE GO KARTS','5','SE FUE SIN PAGAR');
